Country,Government,Household,Foreign Aid
Angola,0.19,0.00,0.024004
Botswana,3.14,0.00,0.004930
Burkina Faso,0.66,0.09,0.139526
Cameroon,0.33,0.23,0.315984
CAR,0.28,0.00,0.197594
Cote d'Ivoire,0.83,0.33,0.080628
Ethiopia,2.14,0.00,0.098155
Gambia,0.28,0.32,0.243868
Ghana,1.30,0.00,0.080816
Guinea,0.97,0.00,0.307037
Guinea-Bissau,0.11,0.09,0.384743
Kenya,0.78,0.00,0.047171
Lesotho,3.71,0.00,0.047282
Madagascar,0.41,0.08,0.217394
Malawi,1.24,0.05,0.118319
Mali,0.72,0.07,0.142135
Mauritania,0.46,0.08,0.397324
Mauritius,0.41,0.00,0.119287
Mozambique,0.71,0.00,0.173732
Niger,0.57,0.06,0.093763
Nigeria,0.00,0.00,0.012465
Rwanda,0.97,0.42,0.265125
Senegal,1.14,0.14,0.411681
Sierra Leone,0.58,0.14,0.053328
South Africa,0.72,0.00,0.008292
Swaziland,1.53,0.00,0.005550
Uganda,0.35,0.00,0.095329
Tanzania,1.05,0.15,0.116771
Zambia,0.41,0.00,0.040342